id,sender,recipient,content,timestamp
1,Sab,Wong,plsss hellooo,2025-09-23 11:08:29.477762
2,Sab,Wong,helooo,2025-09-23 11:10:35.816133
3,Sab,,heloo,2025-09-23 11:25:35.639644
4,Sab,,hi,2025-09-23 11:27:15.683000
5,Sab,,hi,2025-09-23 11:27:22.034968
6,Sab,,hi,2025-09-23 11:32:28.475001
7,Sab,Wong,helplplpl,2025-09-23 11:35:37.520753
8,Wong,Sab,wowoowow,2025-09-23 11:37:14.292276
9,Sab,Marian,testing,2025-09-23 11:57:17.125624
10,Marian,Sab,hiii,2025-09-23 12:02:59.299932
11,Marian,Mimi,mimimimimi,2025-09-23 12:13:44.177909
12,Kirtanaa,Sab,yo,2025-09-23 13:48:59.906498
13,Kirtanaa,Wong,Halo,2025-09-23 13:57:12.130037
14,Kirtanaa,KKKK,HELO,2025-09-24 06:09:35.648558
15,Mimi,Suhaini,helloo,2025-09-24 06:20:29.478968
16,Suhaini,Mimi,Helo,2025-09-24 06:21:54.974833
